name,subdir,base_answer_key,test_data,google/flan-t5-small,google/flan-t5-base,google/flan-t5-large,google/flan-t5-xl,google/flan-t5-xxl,google/flan-ul2,text-ada-001,text-babbage-001,text-curie-001,text-davinci-001,text-davinci-002,text-davinci-003,chatgpt,n_rows,n_classes
discourse,discourse,answer,test.json,answer-flan-t5-small,answer-flan-t5-base,answer-flan-t5-large,answer-flan-t5-xl,answer-flan-t5-xxl,answer-flan-ul2,answer-text-ada-001,answer-text-babbage-001,answer-text-curie-001,answer-text-davinci-001,answer-text-davinci-002,answer-text-davinci-003,answer-chatgpt,497,7
conv_go_awry,conv_go_awry,answer,test.json,answer-flan-t5-small,answer-flan-t5-base,answer-flan-t5-large,answer-flan-t5-xl,answer-flan-t5-xxl,answer-flan-ul2,answer-text-ada-001,answer-text-babbage-001,answer-text-curie-001,answer-text-davinci-001,answer-text-davinci-002,answer-text-davinci-003,answer-chatgpt,500,2
power,wiki_corpus,answer,test.json,answer-flan-t5-small,answer-flan-t5-base,answer-flan-t5-large,answer-flan-t5-xl,answer-flan-t5-xxl,answer-flan-ul2,answer-text-ada-001,answer-text-babbage-001,answer-text-curie-001,answer-text-davinci-001,answer-text-davinci-002,answer-text-davinci-003,answer-chatgpt,500,2
hate,implicit_hate,answer,test.json,answer-flan-t5-small,answer-flan-t5-base,answer-flan-t5-large,answer-flan-t5-xl,answer-flan-t5-xxl,answer-flan-ul2,answer-text-ada-001,answer-text-babbage-001,answer-text-curie-001,answer-text-davinci-001,answer-text-davinci-002,answer-text-davinci-003,answer-chatgpt,498,6
humor,reddit_humor,answer,test.json,answer-flan-t5-small,answer-flan-t5-base,answer-flan-t5-large,answer-flan-t5-xl,answer-flan-t5-xxl,answer-flan-ul2,answer-text-ada-001,answer-text-babbage-001,answer-text-curie-001,answer-text-davinci-001,answer-text-davinci-002,answer-text-davinci-003,answer-chatgpt,500,2
flute-classification,flute,answer-classification,test-classification.json,answer-classification-flan-t5-small,answer-classification-flan-t5-base,answer-classification-flan-t5-large,answer-classification-flan-t5-xl,answer-classification-flan-t5-xxl,answer-classification-flan-ul2,answer-classification-text-ada-001,answer-classification-text-babbage-001,answer-classification-text-curie-001,answer-classification-text-davinci-001,answer-classification-text-davinci-002,answer-classification-text-davinci-003,answer-classification-chatgpt,500,4
persuasion,persuasion,answer,test.json,answer-flan-t5-small,answer-flan-t5-base,answer-flan-t5-large,answer-flan-t5-xl,answer-flan-t5-xxl,answer-flan-ul2,answer-text-ada-001,answer-text-babbage-001,answer-text-curie-001,answer-text-davinci-001,answer-text-davinci-002,answer-text-davinci-003,answer-chatgpt,434,2
politeness,wiki_politeness,answer,test.json,answer-flan-t5-small,answer-flan-t5-base,answer-flan-t5-large,answer-flan-t5-xl,answer-flan-t5-xxl,answer-flan-ul2,answer-text-ada-001,answer-text-babbage-001,answer-text-curie-001,answer-text-davinci-001,answer-text-davinci-002,answer-text-davinci-003,answer-chatgpt,498,3
media_ideology,media_ideology,answer,test.json,answer-flan-t5-small,answer-flan-t5-base,answer-flan-t5-large,answer-flan-t5-xl,answer-flan-t5-xxl,answer-flan-ul2,answer-text-ada-001,answer-text-babbage-001,answer-text-curie-001,answer-text-davinci-001,answer-text-davinci-002,answer-text-davinci-003,answer-chatgpt,498,3
indian_english_dialect,indian_english_dialect,answer,test.json,answer-flan-t5-small,answer-flan-t5-base,answer-flan-t5-large,answer-flan-t5-xl,answer-flan-t5-xxl,answer-flan-ul2,answer-text-ada-001,answer-text-babbage-001,answer-text-curie-001,answer-text-davinci-001,answer-text-davinci-002,answer-text-davinci-003,answer-chatgpt,266,23
ibc,ibc,answer,test.json,answer-flan-t5-small,answer-flan-t5-base,answer-flan-t5-large,answer-flan-t5-xl,answer-flan-t5-xxl,answer-flan-ul2,answer-text-ada-001,answer-text-babbage-001,answer-text-curie-001,answer-text-davinci-001,answer-text-davinci-002,answer-text-davinci-003,answer-chatgpt,498,3
semeval_stance,semeval_stance,answer,test.json,answer-flan-t5-small,answer-flan-t5-base,answer-flan-t5-large,answer-flan-t5-xl,answer-flan-t5-xxl,answer-flan-ul2,answer-text-ada-001,answer-text-babbage-001,answer-text-curie-001,answer-text-davinci-001,answer-text-davinci-002,answer-text-davinci-003,answer-chatgpt,435,3
tempowic,tempowic,answer,test.json,answer-flan-t5-small,answer-flan-t5-base,answer-flan-t5-large,answer-flan-t5-xl,answer-flan-t5-xxl,answer-flan-ul2,answer-text-ada-001,answer-text-babbage-001,answer-text-curie-001,answer-text-davinci-001,answer-text-davinci-002,answer-text-davinci-003,answer-chatgpt,344,2
mrf-classification,mrf,answer-classification,test-classification.json,answer-classification-flan-t5-small,answer-classification-flan-t5-base,answer-classification-flan-t5-large,,answer-classification-flan-t5-xxl,answer-classification-flan-ul2,answer-classification-text-ada-001,answer-classification-text-babbage-001,answer-classification-text-curie-001,answer-classification-text-davinci-001,answer-classification-text-davinci-002,answer-classification-text-davinci-003,answer-classification-chatgpt,500,2
talklife,talklife,answer,test.json,answer-flan-t5-small,answer-flan-t5-base,answer-flan-t5-large,answer-flan-t5-xl,answer-flan-t5-xxl,answer-flan-ul2,answer-text-ada-001,answer-text-babbage-001,answer-text-curie-001,answer-text-davinci-001,answer-text-davinci-002,answer-text-davinci-003,answer-chatgpt,498,3
emotion,emotion,answer,test.json,answer-flan-t5-small,answer-flan-t5-base,answer-flan-t5-large,answer-flan-t5-xl,answer-flan-t5-xxl,answer-flan-ul2,,answer-text-babbage-001,answer-text-curie-001,answer-text-davinci-001,answer-text-davinci-002,answer-text-davinci-003,answer-chatgpt,498,6
raop,raop,answer,test.json,answer-flan-t5-small,answer-flan-t5-base,answer-flan-t5-large,answer-flan-t5-xl,answer-flan-t5-xxl,answer-flan-ul2,answer-text-ada-001,answer-text-babbage-001,answer-text-curie-001,answer-text-davinci-001,answer-text-davinci-002,answer-text-davinci-003,answer-chatgpt,399,7
